<x:xmpmeta tsc:version="2.0.1" xmlns:x="adobe:ns:meta/" xmlns:tsc="http://www.techsmith.com/xmp/tsc/">
   <rdf:RDF xmlns:rdf="http://www.w3.org/1999/02/22-rdf-syntax-ns#" xmlns:xmp="http://ns.adobe.com/xap/1.0/" xmlns:xmpDM="http://ns.adobe.com/xmp/1.0/DynamicMedia/" xmlns:xmpG="http://ns.adobe.com/xap/1.0/g/" xmlns:xmpMM="http://ns.adobe.com/xap/1.0/mm/" xmlns:tscDM="http://www.techsmith.com/xmp/tscDM/" xmlns:tscIQ="http://www.techsmith.com/xmp/tscIQ/" xmlns:tscHS="http://www.techsmith.com/xmp/tscHS/" xmlns:stDim="http://ns.adobe.com/xap/1.0/sType/Dimensions#" xmlns:stFnt="http://ns.adobe.com/xap/1.0/sType/Font#" xmlns:exif="http://ns.adobe.com/exif/1.0" xmlns:dc="http://purl.org/dc/elements/1.1/">
      <rdf:Description dc:date="2018-01-12 03:32:29 AM" dc:source="Camtasia,9.1.1,enu" dc:title="Demo_Baja" tscDM:firstFrame="Demo_Baja_First_Frame.png" tscDM:originId="594FA8CB-28B0-4430-A6A5-8B4C12134872" tscDM:project="Demo_Baja">
         <xmpDM:duration xmpDM:scale="1/1000" xmpDM:value="369400"/>
         <xmpDM:videoFrameSize stDim:unit="pixel" stDim:h="480" stDim:w="854"/>
         <tsc:langName>
            <rdf:Bag>
               <rdf:li xml:lang="en-US">English</rdf:li></rdf:Bag>
         </tsc:langName>
         <xmpDM:Tracks>
            <rdf:Bag>
               <rdf:li>
                  <rdf:Description xmpDM:trackType="TableOfContents" xmpDM:frameRate="f1000" xmpDM:trackName="Table of Contents">
                     <xmpDM:markers>
                        <rdf:Seq>
                           <rdf:li><rdf:Description xmpDM:name="Introduction" xmpDM:startTime="0" tscDM:image="Demo_Baja_Thumbnails.png" tscDM:imageindex="0" tscDM:imageoffset="0" tscDM:imagerect="0, 0, 75, 42"/></rdf:li><rdf:li><rdf:Description xmpDM:name="Marker 6" xmpDM:startTime="44200" tscDM:image="Demo_Baja_Thumbnails.png" tscDM:imageindex="1" tscDM:imageoffset="0" tscDM:imagerect="75, 0, 75, 42"/></rdf:li><rdf:li><rdf:Description xmpDM:name="Marker 5" xmpDM:startTime="79600" tscDM:image="Demo_Baja_Thumbnails.png" tscDM:imageindex="2" tscDM:imageoffset="0" tscDM:imagerect="150, 0, 75, 42"/></rdf:li><rdf:li><rdf:Description xmpDM:name="Marker 1" xmpDM:startTime="324767" tscDM:image="Demo_Baja_Thumbnails.png" tscDM:imageindex="3" tscDM:imageoffset="0" tscDM:imagerect="225, 0, 75, 42"/></rdf:li></rdf:Seq>
                     </xmpDM:markers>
                  </rdf:Description>
               </rdf:li>
               <rdf:li>
                  <rdf:Description xmpDM:trackType="Quiz" xmpDM:frameRate="f1000" xmpDM:trackName="Quiz" tscIQ:quizGuid="31077156-1E90-4033-8FEA-69D14765812D" tscIQ:authoredEmail="BzWqWX2J/UtDaQQX2+ZACPHsB7LJQ3CgNP1n7pezdQCh5+0wEIVybLgbXdZ5zEUZ19UyQYqbAqcK
gcpjvBPwW0cTMTi+Xbuq+SJ9uglx9qfqvYyPLO3qwcm4hryR/jB69Hrunq8tBGsZg6Quw76H2R/C
d+4Kea6brdg+xO5Kvi7laBZAddIDyaXiKjsflcSmCYI5VqjHkILwHziTPR1YWlQQfXgCQQQ79beH
qIqGEAUugujUDqC948Vyrz7spRE5ITDNnPEDKXWhCAZoMNe2JlJ99RRwBtuSGzngkJcIVeJdmvaA
BWQGvk7sA7HfQR+zcZbF2HYoIkYov3a0nbrN7g==" tscIQ:requireUserId="0" tscIQ:locale="en-US" tscIQ:reportMethod="SCORM" tscIQ:allowSkipQuiz="0" tscIQ:clientId="1CDF22D874AC443FBBB68075B4AE31CD" tscIQ:hideReplay="0" tscIQ:quizHash="5a18d1df33ad26da9cd5849f7d026375">
                     <xmpDM:markers>
                        <rdf:Seq>
                           <rdf:li><rdf:Description xmpDM:startTime="45767" tscIQ:feedback="1" tscIQ:questionSetName="Quiz 1"><tscIQ:questions><rdf:Seq><rdf:li><rdf:Description tscIQ:type="MC" tscIQ:id="0"><tscIQ:question>Event Processing Latency is related to ?</tscIQ:question><tscIQ:correctAnswer>2</tscIQ:correctAnswer><tscIQ:answerArray><rdf:Seq><rdf:li><rdf:Description tscIQ:orderId="0"><tscIQ:answer>Vortex to Baja View</tscIQ:answer></rdf:Description></rdf:li><rdf:li><rdf:Description tscIQ:orderId="1"><tscIQ:answer>Cooker Health View</tscIQ:answer></rdf:Description></rdf:li><rdf:li><rdf:Description tscIQ:orderId="2"><tscIQ:answer>External PUB</tscIQ:answer></rdf:Description></rdf:li><rdf:li><rdf:Description tscIQ:orderId="3"><tscIQ:answer>None of these</tscIQ:answer></rdf:Description></rdf:li></rdf:Seq></tscIQ:answerArray><tscIQ:feedback><rdf:Bag><rdf:li><rdf:Description tscIQ:reason="correct"><xmpDM:name><rdf:Alt><rdf:li>Great!</rdf:li></rdf:Alt></xmpDM:name></rdf:Description></rdf:li><rdf:li><rdf:Description tscIQ:reason="incorrect"><xmpDM:name><rdf:Alt><rdf:li>Oops!  Read the slide again.</rdf:li></rdf:Alt></xmpDM:name></rdf:Description></rdf:li></rdf:Bag></tscIQ:feedback></rdf:Description></rdf:li></rdf:Seq></tscIQ:questions></rdf:Description></rdf:li><rdf:li><rdf:Description xmpDM:startTime="110033" tscIQ:feedback="1" tscIQ:questionSetName="Quiz 2"><tscIQ:questions><rdf:Seq><rdf:li><rdf:Description tscIQ:type="MC" tscIQ:id="1"><tscIQ:question>In Vortex to Baja View,EventBufferDropRate and EventBufferDropCount should always be ?</tscIQ:question><tscIQ:correctAnswer>4</tscIQ:correctAnswer><tscIQ:answerArray><rdf:Seq><rdf:li><rdf:Description tscIQ:orderId="0"><tscIQ:answer>one</tscIQ:answer></rdf:Description></rdf:li><rdf:li><rdf:Description tscIQ:orderId="1"><tscIQ:answer>greater than one</tscIQ:answer></rdf:Description></rdf:li><rdf:li><rdf:Description tscIQ:orderId="2"><tscIQ:answer>zero</tscIQ:answer></rdf:Description></rdf:li><rdf:li><rdf:Description tscIQ:orderId="3"><tscIQ:answer>None</tscIQ:answer></rdf:Description></rdf:li></rdf:Seq></tscIQ:answerArray><tscIQ:feedback><rdf:Bag><rdf:li><rdf:Description tscIQ:reason="correct"><xmpDM:name><rdf:Alt><rdf:li>Great! Well done.</rdf:li></rdf:Alt></xmpDM:name></rdf:Description></rdf:li><rdf:li><rdf:Description tscIQ:reason="incorrect"><xmpDM:name><rdf:Alt><rdf:li>Oops! Check Slide again</rdf:li></rdf:Alt></xmpDM:name></rdf:Description></rdf:li></rdf:Bag></tscIQ:feedback></rdf:Description></rdf:li></rdf:Seq></tscIQ:questions></rdf:Description></rdf:li><rdf:li><rdf:Description xmpDM:startTime="214833" tscIQ:feedback="1" tscIQ:questionSetName="Quiz 3"><tscIQ:questions><rdf:Seq><rdf:li><rdf:Description tscIQ:type="MC" tscIQ:id="2"><tscIQ:question>Which Event Processing Latency percentile is important to monitor?</tscIQ:question><tscIQ:correctAnswer>4</tscIQ:correctAnswer><tscIQ:answerArray><rdf:Seq><rdf:li><rdf:Description tscIQ:orderId="0"><tscIQ:answer>90 percentile</tscIQ:answer></rdf:Description></rdf:li><rdf:li><rdf:Description tscIQ:orderId="1"><tscIQ:answer>75 percentile</tscIQ:answer></rdf:Description></rdf:li><rdf:li><rdf:Description tscIQ:orderId="2"><tscIQ:answer>95 percentile</tscIQ:answer></rdf:Description></rdf:li><rdf:li><rdf:Description tscIQ:orderId="3"><tscIQ:answer>There is no such thing</tscIQ:answer></rdf:Description></rdf:li></rdf:Seq></tscIQ:answerArray><tscIQ:feedback><rdf:Bag><rdf:li><rdf:Description tscIQ:reason="correct"><xmpDM:name><rdf:Alt><rdf:li>Great! Well done</rdf:li></rdf:Alt></xmpDM:name></rdf:Description></rdf:li><rdf:li><rdf:Description tscIQ:reason="incorrect"><xmpDM:name><rdf:Alt><rdf:li>Oops!</rdf:li></rdf:Alt></xmpDM:name></rdf:Description></rdf:li></rdf:Bag></tscIQ:feedback></rdf:Description></rdf:li></rdf:Seq></tscIQ:questions></rdf:Description></rdf:li><rdf:li><rdf:Description xmpDM:startTime="363067" tscIQ:feedback="1" tscIQ:questionSetName="Quiz 4"><tscIQ:questions><rdf:Seq><rdf:li><rdf:Description tscIQ:type="MC" tscIQ:id="3"><tscIQ:question>Is issue in Vortex to Baja View, What two things to do?</tscIQ:question><tscIQ:correctAnswer>4</tscIQ:correctAnswer><tscIQ:answerArray><rdf:Seq><rdf:li><rdf:Description tscIQ:orderId="0"><tscIQ:answer>Raise Ticket to Cosmos(Baja) and Check XTS Views</tscIQ:answer></rdf:Description></rdf:li><rdf:li><rdf:Description tscIQ:orderId="1"><tscIQ:answer>Raise Ticket to Comos and Check XTS Views</tscIQ:answer></rdf:Description></rdf:li><rdf:li><rdf:Description tscIQ:orderId="2"><tscIQ:answer>Raise Ticket to Cosmos(Baja) and Transfer to Vortex Team</tscIQ:answer></rdf:Description></rdf:li><rdf:li><rdf:Description tscIQ:orderId="3"><tscIQ:answer>Check XTS Views and Transfer to Vortex Team</tscIQ:answer></rdf:Description></rdf:li></rdf:Seq></tscIQ:answerArray><tscIQ:feedback><rdf:Bag><rdf:li><rdf:Description tscIQ:reason="correct"><xmpDM:name><rdf:Alt><rdf:li>Great! Good learning.</rdf:li></rdf:Alt></xmpDM:name></rdf:Description></rdf:li><rdf:li><rdf:Description tscIQ:reason="incorrect"><xmpDM:name><rdf:Alt><rdf:li>Oops! </rdf:li></rdf:Alt></xmpDM:name></rdf:Description></rdf:li></rdf:Bag></tscIQ:feedback></rdf:Description></rdf:li></rdf:Seq></tscIQ:questions></rdf:Description></rdf:li></rdf:Seq>
                     </xmpDM:markers>
                     <tscIQ:QuizParams><rdf:Bag><rdf:li xmpDM:name="txtPrev" xmpDM:value="Previous"/><rdf:li xmpDM:name="txtNext" xmpDM:value="Next"/><rdf:li xmpDM:name="txtAnswerQuestion" xmpDM:value="Take Quiz Now"/><rdf:li xmpDM:name="txtSubmit" xmpDM:value="Submit Answers"/><rdf:li xmpDM:name="txtReview" xmpDM:value="Replay Last Section"/><rdf:li xmpDM:name="txtReviewAnswer" xmpDM:value="View Answers"/><rdf:li xmpDM:name="txtContinue" xmpDM:value="Continue"/></rdf:Bag></tscIQ:QuizParams></rdf:Description>
               </rdf:li>
            </rdf:Bag>
         </xmpDM:Tracks>
         <tscDM:controller>
            <rdf:Description xmpDM:name="tscplayer">
               <tscDM:parameters>
                  <rdf:Bag>
                     <rdf:li xmpDM:name="autohide" xmpDM:value="true"/><rdf:li xmpDM:name="autoplay" xmpDM:value="false"/><rdf:li xmpDM:name="loop" xmpDM:value="false"/><rdf:li xmpDM:name="searchable" xmpDM:value="true"/><rdf:li xmpDM:name="captionsenabled" xmpDM:value="false"/><rdf:li xmpDM:name="sidebarenabled" xmpDM:value="false"/><rdf:li xmpDM:name="unicodeenabled" xmpDM:value="false"/><rdf:li xmpDM:name="backgroundcolor" xmpDM:value="000000"/><rdf:li xmpDM:name="sidebarlocation" xmpDM:value="left"/><rdf:li xmpDM:name="endaction" xmpDM:value="stop"/><rdf:li xmpDM:name="endactionparam" xmpDM:value="true"/><rdf:li xmpDM:name="locale" xmpDM:value="en-US"/></rdf:Bag>
               </tscDM:parameters>
               <tscDM:controllerText>
                  <rdf:Bag>
                  </rdf:Bag>
               </tscDM:controllerText>
            </rdf:Description>
         </tscDM:controller>
         <tscDM:contentList>
            <rdf:Description>
               <tscDM:files>
                  <rdf:Seq>
                     <rdf:li xmpDM:name="0" xmpDM:value="Demo_Baja.mp4"/><rdf:li xmpDM:name="1" xmpDM:value="Demo_Baja.zip"/><rdf:li xmpDM:name="2" xmpDM:value="Demo_Baja_First_Frame.png"/><rdf:li xmpDM:name="3" xmpDM:value="Demo_Baja_Thumbnails.png"/></rdf:Seq>
               </tscDM:files>
            </rdf:Description>
         </tscDM:contentList>
      </rdf:Description>
   </rdf:RDF>
</x:xmpmeta>