<?xml version="1.0" standalone="no" ?>
   <manifest identifier="ID-7294E9A4-A41E-49B6-9C37-1398102520E9" version="1.0" xmlns="http://www.imsproject.org/xsd/imscp_rootv1p1p2" xmlns:adlcp="http://www.adlnet.org/xsd/adlcp_rootv1p2" xmlns:xsi="http://www.w3.org/2001/XMLSchema-instance" xsi:schemaLocation="http://www.imsproject.org/xsd/imscp_rootv1p1p2 imscp_rootv1p1p2.xsd http://www.imsglobal.org/xsd/imsmd_rootv1p2p1 imsmd_rootv1p2p1.xsd http://www.adlnet.org/xsd/adlcp_rootv1p2 adlcp_rootv1p2.xsd" >
      <metadata>
         <lom 	xmlns="http://www.imsglobal.org/xsd/imsmd_rootv1p2p1"
               xmlns:xsi="http://www.w3.org/2001/XMLSchema-instance"
               xsi:schemaLocation="http://www.imsglobal.org/xsd/imsmd_rootv1p2p1 imsmd_rootv1p2p1.xsd">
            <general>
               <identifier>ID-7294E9A4-A41E-49B6-9C37-1398102520E9</identifier>
               <title>
                  <langstring xml:lang="en-US">Interactive Learning Videos</langstring>
               </title>
               <catalogentry>
                  <catalog>Camtasia Studio 8 Video Course</catalog>
                  <entry>
                     <langstring xml:lang="en-US">Interactive Learning Videos</langstring>
                  </entry>
               </catalogentry>
               <language>en</language>
               <description>
                  <langstring xml:lang="en-US">Training Material Videos for the team.</langstring>
               </description>
               <keyword>
                  <langstring xml:lang="en-US">Camtasia Studio 8 Video Course</langstring>
                  <langstring xml:lang="en-US">Baja</langstring>
               </keyword>
               <aggregationlevel>
                  <source>
                     <langstring xml:lang="x-none">LOMv1.0</langstring>
                  </source>
                  <value>
                     <langstring xml:lang="x-none">3</langstring>
                  </value>
               </aggregationlevel>
            </general>
            <lifecycle>
               <version>
                  <langstring xml:lang="x-none">1.0</langstring>
               </version>
               <status>
                  <source>
                     <langstring xml:lang="x-none">LOMv1.0</langstring>
                  </source>
                  <value>
                     <langstring xml:lang="x-none">Final</langstring>
                  </value>
               </status>
               <contribute>
                  <role>
                     <source>
                        <langstring xml:lang="x-none">LOMv1.0</langstring>
                     </source>
                     <value>
                        <langstring xml:lang="x-none"></langstring>
                     </value>
                  </role>
                  <centity>
                     <vcard>BEGIN:vCard ORG: END:vCard</vcard>
                  </centity>
                  <date>
                     <datetime>2018-01-12</datetime>
                  </date>
               </contribute>
            </lifecycle>
            <metametadata>
               <metadatascheme>ADL SCORM 1.2</metadatascheme>
               <language>en</language>
            </metametadata>
            <technical>
               <format>text/html</format>
               <location type="URI">.</location>
               <duration>
                  <datetime>0:06:09.12</datetime>
               </duration>
            </technical>
            <educational>
               <learningresourcetype>
                  <source>
                     <langstring xml:lang="x-none">LOMv1.0</langstring>
                  </source>
                  <value>
                     <langstring xml:lang="x-none">Exercise</langstring>
                  </value>
               </learningresourcetype>
               <typicallearningtime>
                  <datetime>0:06:09.12</datetime>
               </typicallearningtime>
            </educational>
            <rights>
               <cost>
                  <source>
                     <langstring xml:lang="x-none">LOMv1.0</langstring>
                  </source>
                  <value>
                     <langstring xml:lang="x-none">no</langstring>
                  </value>
               </cost>
               <copyrightandotherrestrictions>
                  <source>
                     <langstring xml:lang="x-none">LOMv1.0</langstring>
                  </source>
                  <value>
                     <langstring xml:lang="x-none">no</langstring>
                  </value>
               </copyrightandotherrestrictions>
               <description>
                  <langstring xml:lang="en-US">No Copy Rights</langstring>
               </description>
            </rights>
            <classification>
               <purpose>
                  <source>
                     <langstring xml:lang="x-none">LOMv1.0</langstring>
                  </source>
                  <value>
                     <langstring xml:lang="x-none">Idea</langstring>
                  </value>
               </purpose>
               <description>
                  <langstring xml:lang="en-US">Training Material Videos for the team.</langstring>
               </description>
               <keyword>
                  <langstring xml:lang="en-US">Baja</langstring>
               </keyword>
            </classification>
         </lom>
      </metadata>
      <organizations default="TOC1"> 
         <organization identifier="TOC1"> 
            <title>Interactive Learning Videos</title>
            <item identifier="I_SCO0" identifierref="SCO0">
            <title>Baja Architecture Diagram</title>
            <adlcp:masteryscore>75</adlcp:masteryscore>
         </item>

         </organization>
      </organizations>
      <resources>
         <resource identifier="SCO0" type="webcontent" adlcp:scormtype="sco" href="Demo_Baja.html">
            <file href="Demo_Baja.html"/>
            <dependency identifierref="ALLRESOURCES" />
         </resource>
                   
         <resource identifier="ALLRESOURCES" type="webcontent" adlcp:scormtype="asset">
            <file href="Demo_Baja.html" />
            <file href="scripts/techsmith-smart-player.min.js" />
            <file href="scripts/config_xml.js" />
            <file href="skins/remix/techsmith-smart-player.min.css" />
            <file href="Demo_Baja.js" />
            <file href="Demo_Baja_embed.css" />
            <file href="Demo_Baja_player.html" />
            <file href="Demo_Baja.mp4" />
            <file href="Demo_Baja_config.xml" />
            <file href="Demo_Baja_First_Frame.png" />
            <file href="Demo_Baja_Thumbnails.png" />
            <file href="scormwrapper.js" />

         </resource>
      </resources>
   </manifest>